{
    "coefficients": [
        0.4820466418470657,
        17.64636708026445,
        -0.5440725482027635
    ],
    "intercept": -30.007003698996204
}