{
    "coefficients": [
        -0.06130506920311152,
        0.4253546470060721,
        0.0702369432178118
    ],
    "intercept": -1.1361365150608655
}