{
    "coefficients": [
        -4.212096456833207,
        4.000604395024469,
        10.737306677304074
    ],
    "intercept": -44.65375858854368
}