{
    "coefficients": [
        2146.9301289936634,
        -1907.9327244390063,
        -61.09187484924512
    ],
    "intercept": -680.4346034340939
}