{
    "coefficients": [
        -0.02241904931916433,
        -0.2712084564825566,
        0.1468973656265326
    ],
    "intercept": 0.8953664779131163
}