{
    "coefficients": [
        0.0014169565066897891,
        0.9993485236152881,
        -0.00048361992739120205
    ],
    "intercept": 0.001242321400434676
}