{
    "coefficients": [
        11.723990915154847,
        -6.435894717292472,
        -2.6550797492412643
    ],
    "intercept": -2.1240790161615086
}