{
    "coefficients": [
        4.891502542253071,
        11.560981629135313,
        0.7918825531527174
    ],
    "intercept": -27.49791103909166
}